"","cod"
"1",""
"2","009U3ZX"
"3","027034Z"
"4","02HV33Z"
"5","02JA3ZZ"
"6","02PY33Z"
"7","02PYX3Z"
"8","02RF38Z"
"9","03HB33Z"
"10","04CK0ZZ"
"11","04HY33Z"
"12","04UK37Z"
"13","05HY32Z"
"14","05HY33Z"
"15","05PYX3Z"
"16","06BP0ZZ"
"17","06H033Z"
"18","06HN33Z"
"19","07B60ZX"
"20","07BJ0ZX"
"21","07BJ0ZZ"
"22","07DR3ZX"
"23","07T70ZZ"
"24","09JH7ZZ"
"25","09JHXZZ"
"26","09JJ7ZZ"
"27","0B110F4"
"28","0B113F4"
"29","0B21XEZ"
"30","0B21XFZ"
"31","0B21XYZ"
"32","0B918ZZ"
"33","0B938ZX"
"34","0B948ZZ"
"35","0B958ZX"
"36","0B978ZX"
"37","0B998ZX"
"38","0B9F8ZX"
"39","0B9L8ZZ"
"40","0BB18ZX"
"41","0BB48ZX"
"42","0BB58ZX"
"43","0BB68ZX"
"44","0BBD8ZX"
"45","0BBK8ZX"
"46","0BC58ZZ"
"47","0BDB8ZX"
"48","0BH17EZ"
"49","0BH17YZ"
"50","0BH18EZ"
"51","0BJ08ZZ"
"52","0BJ0XZZ"
"53","0BP13FZ"
"54","0BP17DZ"
"55","0BP1X0Z"
"56","0BP1XDZ"
"57","0BP1XFZ"
"58","0BQ17ZZ"
"59","0BTL0ZZ"
"60","0D1N0Z4"
"61","0D9670Z"
"62","0D967ZZ"
"63","0DB58ZX"
"64","0DB68ZX"
"65","0DBA0ZZ"
"66","0DBN8ZX"
"67","0DBP8ZX"
"68","0DH63UZ"
"69","0DH673Z"
"70","0DH67UZ"
"71","0DJ08ZZ"
"72","0DJ68ZZ"
"73","0DJD8ZZ"
"74","0DNW0ZZ"
"75","0DP673Z"
"76","0DP67UZ"
"77","0DP6X0Z"
"78","0DP6XUZ"
"79","0DTJ4ZZ"
"80","0DTP8ZZ"
"81","0F9930Z"
"82","0FB03ZX"
"83","0FB23ZX"
"84","0H97XZZ"
"85","0H9FXZZ"
"86","0H9LXZZ"
"87","0HB6XZZ"
"88","0HQ0XZZ"
"89","0HQ1XZZ"
"90","0HQ4XZZ"
"91","0HQ9XZZ"
"92","0HQGXZZ"
"93","0HX6XZZ"
"94","0J970ZZ"
"95","0J9B0ZZ"
"96","0JB70ZZ"
"97","0JB90ZZ"
"98","0JBB0ZZ"
"99","0JBN3ZZ"
"100","0JBQ0ZZ"
"101","0JBR0ZZ"
"102","0JC60ZZ"
"103","0JCL0ZZ"
"104","0JCN3ZZ"
"105","0JH604Z"
"106","0JPT0PZ"
"107","0JPTX3Z"
"108","0JQP0ZZ"
"109","0K9N30Z"
"110","0PB43ZZ"
"111","0PS43ZZ"
"112","0PU43JZ"
"113","0QB03ZZ"
"114","0QB10ZZ"
"115","0QS03ZZ"
"116","0QS606Z"
"117","0QS706Z"
"118","0QU03JZ"
"119","0RSXXZZ"
"120","0S9C3ZX"
"121","0S9G0ZX"
"122","0SPG04Z"
"123","0T1B4ZD"
"124","0T25X0Z"
"125","0T2BX0Z"
"126","0T9480Z"
"127","0T9B70Z"
"128","0T9B7ZX"
"129","0T9B7ZZ"
"130","0T9B80Z"
"131","0TBB8ZZ"
"132","0TBC8ZZ"
"133","0TPB70Z"
"134","0TPBX0Z"
"135","0W354ZZ"
"136","0W360ZZ"
"137","0W3P8ZZ"
"138","0W3R8ZZ"
"139","0W983ZZ"
"140","0W9900Z"
"141","0W9930Z"
"142","0W993ZX"
"143","0W9B30Z"
"144","0W9B3ZX"
"145","0W9B3ZZ"
"146","0W9D3ZZ"
"147","0W9F3ZX"
"148","0W9G3ZZ"
"149","0WJB3ZZ"
"150","0WUF0JZ"
"151","0Y373ZZ"
"152","0Y6C0Z3"
"153","0YBL0ZX"
"154","0YBL0ZZ"
"155","10D00Z1"
"156","10E0XZZ"
"157","2W16X6Z"
"158","2W28X4Z"
"159","2W29X4Z"
"160","2W39XYZ"
"161","2W3MX1Z"
"162","30233J1"
"163","30233L1"
"164","30233N1"
"165","30233R1"
"166","30233S1"
"167","30243L1"
"168","30243N1"
"169","30243R1"
"170","3C1ZX8Z"
"171","3E00X29"
"172","3E00X3Z"
"173","3E00XGC"
"174","3E00XNZ"
"175","3E0130M"
"176","3E0134Z"
"177","3E0137Z"
"178","3E013GC"
"179","3E013NZ"
"180","3E013VG"
"181","3E02329"
"182","3E0233Z"
"183","3E0234Z"
"184","3E023BZ"
"185","3E023GC"
"186","3E023NZ"
"187","3E030RZ"
"188","3E030WL"
"189","3E03305"
"190","3E0330M"
"191","3E03328"
"192","3E03329"
"193","3E0333Z"
"194","3E0334Z"
"195","3E0336Z"
"196","3E0337Z"
"197","3E033GC"
"198","3E033NZ"
"199","3E033PZ"
"200","3E033RZ"
"201","3E033VG"
"202","3E033VJ"
"203","3E033WL"
"204","3E033XZ"
"205","3E04328"
"206","3E04329"
"207","3E0436Z"
"208","3E0437Z"
"209","3E043GC"
"210","3E043NZ"
"211","3E043RZ"
"212","3E043VG"
"213","3E043WL"
"214","3E043XZ"
"215","3E0CX29"
"216","3E0F73Z"
"217","3E0F7GC"
"218","3E0F7NZ"
"219","3E0F7SF"
"220","3E0F8SF"
"221","3E0G36Z"
"222","3E0G76Z"
"223","3E0G77Z"
"224","3E0G7GC"
"225","3E0G7NZ"
"226","3E0H7GC"
"227","3E0P729"
"228","3E0R3BZ"
"229","3E10X8Z"
"230","3E1978Z"
"231","3E1B78Z"
"232","3E1F78Z"
"233","3E1F88X"
"234","3E1F88Z"
"235","3E1H78Z"
"236","3E1K78Z"
"237","4A00X4Z"
"238","4A01X29"
"239","4A01X2B"
"240","4A02X4A"
"241","4A02X4Z"
"242","4A02XM4"
"243","4A033R1"
"244","4A043R1"
"245","4A0FX3Z"
"246","4A0ZXKZ"
"247","4A12X45"
"248","4A12X4Z"
"249","4A12XCZ"
"250","4A12XM4"
"251","4A133B1"
"252","4A13XB1"
"253","4A13XR1"
"254","4A143B0"
"255","4A14XB1"
"256","4A19XCZ"
"257","4A1HXCZ"
"258","5A09357"
"259","5A0935Z"
"260","5A09457"
"261","5A0945Z"
"262","5A09557"
"263","5A09558"
"264","5A0955Z"
"265","5A12012"
"266","5A19054"
"267","5A1935Z"
"268","5A1945Z"
"269","5A1955Z"
"270","5A1D70Z"
"271","5A1D80Z"
"272","5A1D90Z"
"273","5A2204Z"
"274","8000/0"
"275","8000/1"
"276","8000/3"
"277","8000/39"
"278","8000/6"
"279","8010/3"
"280","8010/39"
"281","8010/6"
"282","8010/9"
"283","8012/39"
"284","8012/6"
"285","8013/3"
"286","8013/6"
"287","8041/39"
"288","8041/6"
"289","8046/39"
"290","8046/6"
"291","8070/39"
"292","8070/6"
"293","8090/39"
"294","8120/3"
"295","8120/39"
"296","8120/6"
"297","8130/2"
"298","8130/29"
"299","8130/39"
"300","8140/0"
"301","8140/3"
"302","8140/31"
"303","8140/32"
"304","8140/33"
"305","8140/39"
"306","8140/6"
"307","8144/39"
"308","8144/6"
"309","8160/39"
"310","8160/6"
"311","8170/31"
"312","8170/39"
"313","8211/0"
"314","8213/0"
"315","8246/33"
"316","8246/39"
"317","8246/6"
"318","8260/31"
"319","8260/6"
"320","8272/0"
"321","8312/3"
"322","8312/39"
"323","8312/6"
"324","8370/0"
"325","8440/0"
"326","8441/39"
"327","8441/6"
"328","8461/6"
"329","8500/3"
"330","8500/31"
"331","8500/39"
"332","8500/6"
"333","8520/32"
"334","8520/6"
"335","8720/39"
"336","8720/6"
"337","8730/39"
"338","8730/6"
"339","8744/39"
"340","8850/0"
"341","8860/0"
"342","8861/0"
"343","8870/0"
"344","8895/0"
"345","8950/6"
"346","8E01XY7"
"347","8E0ZXY6"
"348","9050/39"
"349","9050/6"
"350","9120/0"
"351","9120/39"
"352","9220/0"
"353","9231/39"
"354","9231/6"
"355","9530/0"
"356","9560/0"
"357","9591/3"
"358","9650/3"
"359","9650/39"
"360","9670/3"
"361","9680/3"
"362","9680/36"
"363","9690/3"
"364","9691/3"
"365","9695/3"
"366","9698/3"
"367","9699/3"
"368","9731/3"
"369","9732/3"
"370","9761/3"
"371","9765/1"
"372","9801/3"
"373","9823/3"
"374","9823/36"
"375","9834/3"
"376","9835/3"
"377","9860/3"
"378","9861/3"
"379","9863/3"
"380","9872/3"
"381","9891/3"
"382","9895/3"
"383","9945/3"
"384","9950/3"
"385","9950/39"
"386","9960/39"
"387","9961/3"
"388","9962/3"
"389","9962/39"
"390","9983/3"
"391","9985/3"
"392","9985/39"
"393","9989/3"
"394","9989/39"
"395","A04.72"
"396","A08.39"
"397","A08.4"
"398","A15.0"
"399","A41.01"
"400","A41.02"
"401","A41.1"
"402","A41.51"
"403","A41.52"
"404","A41.59"
"405","A41.81"
"406","A41.9"
"407","A49.1"
"408","A49.8"
"409","A49.9"
"410","A81.2"
"411","A86"
"412","B00.2"
"413","B00.4"
"414","B02.29"
"415","B02.30"
"416","B02.39"
"417","B02.8"
"418","B02.9"
"419","B0201ZZ"
"420","B020Y0Z"
"421","B020YZZ"
"422","B020ZZZ"
"423","B030YZZ"
"424","B030ZZZ"
"425","B07.9"
"426","B15.9"
"427","B17.2"
"428","B17.9"
"429","B18.1"
"430","B18.2"
"431","B19.10"
"432","B19.20"
"433","B20"
"434","B2111ZZ"
"435","B2211ZZ"
"436","B221ZZZ"
"437","B236YZZ"
"438","B236ZZZ"
"439","B241ZZZ"
"440","B246ZZ4"
"441","B246ZZZ"
"442","B25.8"
"443","B31SYZZ"
"444","B3201ZZ"
"445","B320YZZ"
"446","B320ZZZ"
"447","B325ZZZ"
"448","B328ZZZ"
"449","B32R1ZZ"
"450","B32RYZZ"
"451","B32RZZZ"
"452","B32S1ZZ"
"453","B32SYZZ"
"454","B32SZZZ"
"455","B32T1ZZ"
"456","B32TYZZ"
"457","B32TZZZ"
"458","B34.2"
"459","B34.9"
"460","B341ZZZ"
"461","B342ZZZ"
"462","B345ZZZ"
"463","B348ZZZ"
"464","B34RZZZ"
"465","B36.8"
"466","B37.0"
"467","B37.1"
"468","B37.2"
"469","B37.3"
"470","B37.41"
"471","B37.49"
"472","B37.7"
"473","B37.81"
"474","B37.89"
"475","B37.9"
"476","B420YZZ"
"477","B43.2"
"478","B44.1"
"479","B44FZZZ"
"480","B49"
"481","B52H1ZZ"
"482","B52SYZZ"
"483","B54BZZZ"
"484","B54CZZZ"
"485","B54DZZZ"
"486","B54LZZZ"
"487","B54MZZZ"
"488","B54PZZZ"
"489","B67.8"
"490","B81.0"
"491","B90.9"
"492","B91"
"493","B95.2"
"494","B95.4"
"495","B95.5"
"496","B95.61"
"497","B95.62"
"498","B95.7"
"499","B96.1"
"500","B96.20"
"501","B96.4"
"502","B96.5"
"503","B96.81"
"504","B96.89"
"505","B97.19"
"506","B97.29"
"507","B97.39"
"508","B97.89"
"509","B99.9"
"510","BB241ZZ"
"511","BB24ZZZ"
"512","BD15YZZ"
"513","BF42ZZZ"
"514","BF45ZZZ"
"515","BH4BZZZ"
"516","BL42ZZZ"
"517","BN00ZZZ"
"518","BN201ZZ"
"519","BN20ZZZ"
"520","BP08ZZZ"
"521","BP09ZZZ"
"522","BP0AZZZ"
"523","BP2EZZZ"
"524","BP2W1ZZ"
"525","BP2WYZZ"
"526","BP38ZZZ"
"527","BP3EZZZ"
"528","BP3LZZZ"
"529","BP48ZZZ"
"530","BP49ZZZ"
"531","BQ00ZZZ"
"532","BQ01ZZZ"
"533","BQ07ZZZ"
"534","BQ0LZZZ"
"535","BQ0MZZZ"
"536","BQ0QZZZ"
"537","BQ20ZZZ"
"538","BQ21ZZZ"
"539","BQ2DYZZ"
"540","BQ2HYZZ"
"541","BQ2HZZZ"
"542","BQ2MZZZ"
"543","BQ41ZZZ"
"544","BR07ZZZ"
"545","BR09ZZZ"
"546","BR0CZZZ"
"547","BR30ZZZ"
"548","BR37YZZ"
"549","BR37ZZZ"
"550","BR39YZZ"
"551","BR39ZZZ"
"552","BT4JZZZ"
"553","BW00ZZZ"
"554","BW03ZZZ"
"555","BW2010Z"
"556","BW201ZZ"
"557","BW20YZZ"
"558","BW20ZZZ"
"559","BW211ZZ"
"560","BW21Y0Z"
"561","BW21YZZ"
"562","BW21ZZZ"
"563","BW241ZZ"
"564","BW24YZZ"
"565","BW24ZZZ"
"566","BW2510Z"
"567","BW251ZZ"
"568","BW25YZZ"
"569","BW25ZZZ"
"570","BW29YZZ"
"571","BW2FYZZ"
"572","BW2GZZZ"
"573","BW30Y0Z"
"574","BW30YZZ"
"575","BW30ZZZ"
"576","BW3GYZZ"
"577","BW40ZZZ"
"578","BW41ZZZ"
"579","BY4FZZZ"
"580","C03.0"
"581","C030YZZ"
"582","C15.9"
"583","C16.0"
"584","C16.9"
"585","C18.1"
"586","C18.4"
"587","C18.7"
"588","C18.9"
"589","C19"
"590","C20"
"591","C21.0"
"592","C22.0"
"593","C22.1"
"594","C24.0"
"595","C25.0"
"596","C25.9"
"597","C32.9"
"598","C34.01"
"599","C34.11"
"600","C34.12"
"601","C34.31"
"602","C34.32"
"603","C34.90"
"604","C34.91"
"605","C34.92"
"606","C43.62"
"607","C43.72"
"608","C43.9"
"609","C44.519"
"610","C45.0"
"611","C45.9"
"612","C49.9"
"613","C50.211"
"614","C50.911"
"615","C50.912"
"616","C50.919"
"617","C50.929"
"618","C54.1"
"619","C55"
"620","C56.9"
"621","C61"
"622","C64.1"
"623","C64.2"
"624","C67.9"
"625","C71.2"
"626","C76.3"
"627","C77.1"
"628","C77.2"
"629","C77.3"
"630","C77.8"
"631","C77.9"
"632","C78.00"
"633","C78.01"
"634","C78.02"
"635","C78.1"
"636","C78.2"
"637","C78.4"
"638","C78.6"
"639","C78.7"
"640","C79.02"
"641","C79.10"
"642","C79.2"
"643","C79.31"
"644","C79.49"
"645","C79.51"
"646","C79.52"
"647","C79.71"
"648","C79.72"
"649","C79.81"
"650","C79.89"
"651","C79.9"
"652","C7A.00"
"653","C7A.026"
"654","C7A.090"
"655","C7A.1"
"656","C7B.01"
"657","C7B.02"
"658","C7B.03"
"659","C7B.09"
"660","C7B.8"
"661","C80.0"
"662","C80.1"
"663","C81.90"
"664","C82.09"
"665","C82.10"
"666","C82.40"
"667","C82.90"
"668","C82.98"
"669","C82.99"
"670","C83.00"
"671","C83.03"
"672","C83.09"
"673","C83.30"
"674","C83.31"
"675","C83.39"
"676","C83.58"
"677","C85.90"
"678","C88.0"
"679","C90.00"
"680","C90.20"
"681","C90.30"
"682","C91.01"
"683","C91.10"
"684","C91.11"
"685","C91.60"
"686","C91.90"
"687","C92.00"
"688","C92.10"
"689","C92.50"
"690","C92.A0"
"691","C93.00"
"692","C93.10"
"693","C95.00"
"694","C95.90"
"695","CB121ZZ"
"696","CB12VZZ"
"697","CB12YZZ"
"698","CP1Z1ZZ"
"699","CW3NYZZ"
"700","D"
"701","D0001ZZ"
"702","D09.0"
"703","D12.5"
"704","D12.6"
"705","D13.4"
"706","D16.01"
"707","D16.5"
"708","D17.1"
"709","D17.23"
"710","D17.71"
"711","D17.79"
"712","D18.02"
"713","D18.03"
"714","D18.09"
"715","D25.0"
"716","D25.9"
"717","D27.0"
"718","D32.0"
"719","D32.9"
"720","D33.3"
"721","D35.01"
"722","D35.02"
"723","D35.2"
"724","D38.1"
"725","D3A.8"
"726","D45"
"727","D46.20"
"728","D46.21"
"729","D46.22"
"730","D46.9"
"731","D46.A"
"732","D46.Z"
"733","D47.1"
"734","D47.2"
"735","D47.3"
"736","D49.0"
"737","D49.3"
"738","D49.4"
"739","D49.512"
"740","D49.6"
"741","D49.7"
"742","D49.89"
"743","D49.9"
"744","D50.0"
"745","D50.8"
"746","D50.9"
"747","D51.9"
"748","D52.9"
"749","D53.1"
"750","D53.9"
"751","D56.3"
"752","D56.8"
"753","D59.1"
"754","D59.2"
"755","D61.09"
"756","D61.810"
"757","D61.811"
"758","D61.818"
"759","D61.82"
"760","D62"
"761","D63.0"
"762","D63.1"
"763","D63.8"
"764","D64.81"
"765","D64.89"
"766","D64.9"
"767","D65"
"768","D68.0"
"769","D68.1"
"770","D68.2"
"771","D68.32"
"772","D68.4"
"773","D68.51"
"774","D68.59"
"775","D68.61"
"776","D68.62"
"777","D68.8"
"778","D68.9"
"779","D69.1"
"780","D69.2"
"781","D69.3"
"782","D69.59"
"783","D69.6"
"784","D70.1"
"785","D70.2"
"786","D70.3"
"787","D70.4"
"788","D70.8"
"789","D70.9"
"790","D72.810"
"791","D72.818"
"792","D72.819"
"793","D72.820"
"794","D72.829"
"795","D75.1"
"796","D75.82"
"797","D76.2"
"798","D80.0"
"799","D80.1"
"800","D80.3"
"801","D81.89"
"802","D83.9"
"803","D84.1"
"804","D84.8"
"805","D84.9"
"806","D86.89"
"807","DB021ZZ"
"808","DP081ZZ"
"809","DP082ZZ"
"810","DP0C1ZZ"
"811","DP0C2ZZ"
"812","E"
"813","E02"
"814","E03.2"
"815","E03.8"
"816","E03.9"
"817","E04.1"
"818","E04.2"
"819","E04.8"
"820","E04.9"
"821","E05.00"
"822","E05.20"
"823","E05.80"
"824","E05.90"
"825","E06.3"
"826","E06.5"
"827","E09.649"
"828","E09.65"
"829","E09.9"
"830","E10.10"
"831","E10.319"
"832","E10.65"
"833","E10.9"
"834","E11.00"
"835","E11.21"
"836","E11.22"
"837","E11.319"
"838","E11.40"
"839","E11.42"
"840","E11.51"
"841","E11.59"
"842","E11.621"
"843","E11.622"
"844","E11.649"
"845","E11.65"
"846","E11.8"
"847","E11.9"
"848","E16.0"
"849","E16.2"
"850","E21.0"
"851","E21.1"
"852","E21.3"
"853","E22.1"
"854","E22.2"
"855","E23.0"
"856","E23.6"
"857","E24.8"
"858","E26.9"
"859","E27.3"
"860","E27.40"
"861","E27.8"
"862","E27.9"
"863","E28.2"
"864","E42"
"865","E43"
"866","E46"
"867","E53.8"
"868","E53.9"
"869","E55.9"
"870","E61.1"
"871","E66.01"
"872","E66.2"
"873","E66.3"
"874","E66.8"
"875","E66.9"
"876","E72.00"
"877","E72.11"
"878","E72.89"
"879","E73.9"
"880","E74.10"
"881","E74.39"
"882","E77.8"
"883","E78.00"
"884","E78.01"
"885","E78.1"
"886","E78.2"
"887","E78.5"
"888","E79.0"
"889","E80.6"
"890","E83.10"
"891","E83.110"
"892","E83.111"
"893","E83.118"
"894","E83.119"
"895","E83.39"
"896","E83.41"
"897","E83.42"
"898","E83.51"
"899","E83.52"
"900","E85.4"
"901","E86.0"
"902","E87.0"
"903","E87.1"
"904","E87.2"
"905","E87.3"
"906","E87.4"
"907","E87.5"
"908","E87.6"
"909","E88.01"
"910","E88.09"
"911","E88.2"
"912","E88.81"
"913","E88.9"
"914","E89.0"
"915","E89.2"
"916","F01.50"
"917","F01.51"
"918","F02.80"
"919","F02.81"
"920","F03.90"
"921","F03.91"
"922","F05"
"923","F06.2"
"924","F0796FZ"
"925","F0796ZZ"
"926","F07C6FZ"
"927","F07K0ZZ"
"928","F07K6ZZ"
"929","F07K7ZZ"
"930","F07L0ZZ"
"931","F07L6ZZ"
"932","F07L7ZZ"
"933","F07M3ZZ"
"934","F07M6ZZ"
"935","F07Z9YZ"
"936","F07Z9ZZ"
"937","F08G5BZ"
"938","F09"
"939","F10.10"
"940","F10.20"
"941","F10.21"
"942","F10.96"
"943","F11.20"
"944","F12.11"
"945","F12.21"
"946","F13.21"
"947","F13ZLZZ"
"948","F14.10"
"949","F14.11"
"950","F14.20"
"951","F17.210"
"952","F17.290"
"953","F19.90"
"954","F20.0"
"955","F20.2"
"956","F20.89"
"957","F20.9"
"958","F23"
"959","F25.0"
"960","F25.9"
"961","F29"
"962","F31.9"
"963","F32.3"
"964","F32.9"
"965","F33.2"
"966","F34.1"
"967","F39"
"968","F41.1"
"969","F41.8"
"970","F41.9"
"971","F43.0"
"972","F43.20"
"973","F43.21"
"974","F43.29"
"975","F43.9"
"976","F44.89"
"977","F45.8"
"978","F50.81"
"979","F50.89"
"980","F50.9"
"981","F51.02"
"982","F51.04"
"983","F51.5"
"984","F55.8"
"985","F60.2"
"986","F60.3"
"987","F60.4"
"988","F60.89"
"989","F60.9"
"990","F71"
"991","F79"
"992","F80.9"
"993","F84.0"
"994","F84.5"
"995","F91.9"
"996","F99"
"997","G04.30"
"998","G09"
"999","G10"
"1000","G11.1"
"1001","G20"
"1002","G21.0"
"1003","G21.19"
"1004","G21.4"
"1005","G25.0"
"1006","G25.81"
"1007","G25.82"
"1008","G30.9"
"1009","G31.09"
"1010","G31.2"
"1011","G31.83"
"1012","G31.84"
"1013","G31.89"
"1014","G31.9"
"1015","G35"
"1016","G40.109"
"1017","G40.409"
"1018","G40.509"
"1019","G40.909"
"1020","G43.109"
"1021","G43.909"
"1022","G44.209"
"1023","G44.89"
"1024","G45.9"
"1025","G46.5"
"1026","G46.7"
"1027","G47.00"
"1028","G47.09"
"1029","G47.30"
"1030","G47.33"
"1031","G47.39"
"1032","G47.50"
"1033","G47.9"
"1034","G50.0"
"1035","G50.9"
"1036","G51.0"
"1037","G51.9"
"1038","G52.9"
"1039","G54.0"
"1040","G56.00"
"1041","G56.01"
"1042","G56.03"
"1043","G56.21"
"1044","G56.23"
"1045","G57.01"
"1046","G57.32"
"1047","G57.92"
"1048","G60.8"
"1049","G61.0"
"1050","G61.81"
"1051","G61.89"
"1052","G62.81"
"1053","G62.89"
"1054","G62.9"
"1055","G70.00"
"1056","G70.01"
"1057","G70.9"
"1058","G71.09"
"1059","G71.11"
"1060","G71.3"
"1061","G71.8"
"1062","G72.0"
"1063","G72.81"
"1064","G81.90"
"1065","G81.91"
"1066","G81.94"
"1067","G82.20"
"1068","G82.50"
"1069","G83.21"
"1070","G89.11"
"1071","G89.21"
"1072","G89.29"
"1073","G89.3"
"1074","G90.1"
"1075","G90.8"
"1076","G91.2"
"1077","G91.8"
"1078","G91.9"
"1079","G92"
"1080","G93.2"
"1081","G93.40"
"1082","G93.41"
"1083","G93.49"
"1084","G93.5"
"1085","G93.6"
"1086","G93.82"
"1087","G93.9"
"1088","G95.20"
"1089","G95.29"
"1090","G95.9"
"1091","G97.82"
"1092","GZ2ZZZZ"
"1093","GZ3ZZZZ"
"1094","GZ56ZZZ"
"1095","GZ59ZZZ"
"1096","GZ63ZZZ"
"1097","H02.30"
"1098","H02.403"
"1099","H04.129"
"1100","H10.33"
"1101","H10.89"
"1102","H10.9"
"1103","H16.9"
"1104","H20.9"
"1105","H26.9"
"1106","H33.20"
"1107","H33.22"
"1108","H33.23"
"1109","H34.12"
"1110","H35.30"
"1111","H35.3190"
"1112","H35.52"
"1113","H40.053"
"1114","H40.059"
"1115","H40.20X0"
"1116","H40.9"
"1117","H44.20"
"1118","H47.20"
"1119","H49.01"
"1120","H49.02"
"1121","H52.4"
"1122","H53.001"
"1123","H53.009"
"1124","H53.031"
"1125","H53.039"
"1126","H53.121"
"1127","H53.8"
"1128","H53.9"
"1129","H54.3"
"1130","H54.42A3"
"1131","H54.61"
"1132","H54.62"
"1133","H54.7"
"1134","H61.21"
"1135","H65.03"
"1136","H65.91"
"1137","H66.91"
"1138","H81.09"
"1139","H81.10"
"1140","H81.393"
"1141","H81.399"
"1142","H81.90"
"1143","H90.3"
"1144","H90.5"
"1145","H90.6"
"1146","H90.8"
"1147","H91.10"
"1148","H91.13"
"1149","H91.20"
"1150","H91.3"
"1151","H91.90"
"1152","H91.91"
"1153","H91.92"
"1154","H91.93"
"1155","H93.19"
"1156","I05.0"
"1157","I05.1"
"1158","I05.9"
"1159","I07.1"
"1160","I08.0"
"1161","I08.1"
"1162","I08.2"
"1163","I08.3"
"1164","I09.81"
"1165","I10"
"1166","I11.0"
"1167","I11.9"
"1168","I12.0"
"1169","I12.9"
"1170","I13.0"
"1171","I13.10"
"1172","I13.2"
"1173","I16.0"
"1174","I16.1"
"1175","I16.9"
"1176","I20.0"
"1177","I20.8"
"1178","I20.9"
"1179","I21.02"
"1180","I21.3"
"1181","I21.4"
"1182","I21.9"
"1183","I24.9"
"1184","I25.10"
"1185","I25.2"
"1186","I25.3"
"1187","I25.5"
"1188","I25.6"
"1189","I25.82"
"1190","I25.89"
"1191","I25.9"
"1192","I26.99"
"1193","I27.2"
"1194","I27.20"
"1195","I27.83"
"1196","I30.1"
"1197","I30.9"
"1198","I31.3"
"1199","I31.9"
"1200","I33.0"
"1201","I34.0"
"1202","I34.1"
"1203","I34.8"
"1204","I35.0"
"1205","I35.1"
"1206","I35.2"
"1207","I35.8"
"1208","I35.9"
"1209","I36.1"
"1210","I38"
"1211","I40.9"
"1212","I42.0"
"1213","I42.1"
"1214","I42.2"
"1215","I42.8"
"1216","I42.9"
"1217","I43"
"1218","I44.0"
"1219","I44.1"
"1220","I44.2"
"1221","I44.30"
"1222","I44.39"
"1223","I44.7"
"1224","I45.10"
"1225","I45.19"
"1226","I45.2"
"1227","I45.6"
"1228","I45.81"
"1229","I45.9"
"1230","I46.8"
"1231","I46.9"
"1232","I47.1"
"1233","I47.2"
"1234","I47.9"
"1235","I48.0"
"1236","I48.1"
"1237","I48.2"
"1238","I48.3"
"1239","I48.4"
"1240","I48.91"
"1241","I48.92"
"1242","I49.01"
"1243","I49.1"
"1244","I49.3"
"1245","I49.49"
"1246","I49.9"
"1247","I50.1"
"1248","I50.22"
"1249","I50.30"
"1250","I50.32"
"1251","I50.810"
"1252","I50.9"
"1253","I51.4"
"1254","I51.7"
"1255","I51.81"
"1256","I51.89"
"1257","I51.9"
"1258","I60.6"
"1259","I61.9"
"1260","I62.00"
"1261","I62.03"
"1262","I63.219"
"1263","I63.22"
"1264","I63.312"
"1265","I63.40"
"1266","I63.431"
"1267","I63.511"
"1268","I63.512"
"1269","I63.513"
"1270","I63.532"
"1271","I63.533"
"1272","I63.81"
"1273","I63.9"
"1274","I65.21"
"1275","I65.22"
"1276","I65.23"
"1277","I65.29"
"1278","I67.2"
"1279","I67.4"
"1280","I67.81"
"1281","I67.82"
"1282","I67.89"
"1283","I67.9"
"1284","I68.0"
"1285","I69.151"
"1286","I69.161"
"1287","I69.198"
"1288","I69.220"
"1289","I69.254"
"1290","I69.310"
"1291","I69.318"
"1292","I69.320"
"1293","I69.321"
"1294","I69.322"
"1295","I69.328"
"1296","I69.331"
"1297","I69.344"
"1298","I69.351"
"1299","I69.354"
"1300","I69.391"
"1301","I69.392"
"1302","I69.398"
"1303","I69.818"
"1304","I69.820"
"1305","I69.920"
"1306","I70.0"
"1307","I70.201"
"1308","I70.202"
"1309","I70.203"
"1310","I70.209"
"1311","I70.219"
"1312","I70.231"
"1313","I70.233"
"1314","I70.8"
"1315","I70.90"
"1316","I71.01"
"1317","I71.2"
"1318","I71.4"
"1319","I71.9"
"1320","I72.2"
"1321","I72.3"
"1322","I72.4"
"1323","I72.8"
"1324","I72.9"
"1325","I73.00"
"1326","I73.9"
"1327","I74.3"
"1328","I77.1"
"1329","I77.6"
"1330","I77.810"
"1331","I77.812"
"1332","I77.89"
"1333","I77.9"
"1334","I78.0"
"1335","I80.01"
"1336","I80.8"
"1337","I80.9"
"1338","I81"
"1339","I82.402"
"1340","I82.411"
"1341","I82.421"
"1342","I82.431"
"1343","I82.432"
"1344","I82.441"
"1345","I82.491"
"1346","I82.492"
"1347","I82.4Z2"
"1348","I82.611"
"1349","I82.622"
"1350","I82.B11"
"1351","I82.C19"
"1352","I83.90"
"1353","I83.92"
"1354","I83.93"
"1355","I85.00"
"1356","I85.10"
"1357","I86.2"
"1358","I87.1"
"1359","I87.2"
"1360","I89.0"
"1361","I95.1"
"1362","I95.2"
"1363","I95.89"
"1364","I95.9"
"1365","I97.2"
"1366","I97.3"
"1367","I97.410"
"1368","I97.620"
"1369","I97.88"
"1370","I97.89"
"1371","J00"
"1372","J01.90"
"1373","J02.9"
"1374","J04.0"
"1375","J04.10"
"1376","J05.0"
"1377","J06.9"
"1378","J11.1"
"1379","J12.2"
"1380","J12.81"
"1381","J12.89"
"1382","J12.9"
"1383","J13"
"1384","J15.0"
"1385","J15.211"
"1386","J15.5"
"1387","J15.6"
"1388","J15.9"
"1389","J18.0"
"1390","J18.1"
"1391","J18.8"
"1392","J18.9"
"1393","J20.8"
"1394","J20.9"
"1395","J21.9"
"1396","J22"
"1397","J30.1"
"1398","J30.89"
"1399","J30.9"
"1400","J31.0"
"1401","J31.2"
"1402","J32.0"
"1403","J32.9"
"1404","J33.9"
"1405","J34.1"
"1406","J34.9"
"1407","J37.0"
"1408","J38.00"
"1409","J38.01"
"1410","J38.1"
"1411","J38.3"
"1412","J38.7"
"1413","J39.8"
"1414","J40"
"1415","J42"
"1416","J43.0"
"1417","J43.1"
"1418","J43.2"
"1419","J43.9"
"1420","J44.0"
"1421","J44.1"
"1422","J44.9"
"1423","J45.20"
"1424","J45.31"
"1425","J45.51"
"1426","J45.901"
"1427","J45.909"
"1428","J47.0"
"1429","J47.1"
"1430","J47.9"
"1431","J68.0"
"1432","J68.4"
"1433","J69.0"
"1434","J70.1"
"1435","J80"
"1436","J81.0"
"1437","J81.1"
"1438","J84.10"
"1439","J84.116"
"1440","J84.17"
"1441","J84.89"
"1442","J84.9"
"1443","J85.1"
"1444","J85.2"
"1445","J86.0"
"1446","J86.9"
"1447","J90"
"1448","J91"
"1449","J91.0"
"1450","J91.8"
"1451","J93.0"
"1452","J93.12"
"1453","J93.83"
"1454","J93.9"
"1455","J94.1"
"1456","J95.01"
"1457","J95.02"
"1458","J95.03"
"1459","J95.09"
"1460","J95.811"
"1461","J95.812"
"1462","J95.821"
"1463","J95.850"
"1464","J95.851"
"1465","J95.859"
"1466","J95.88"
"1467","J95.89"
"1468","J96.00"
"1469","J96.01"
"1470","J96.02"
"1471","J96.10"
"1472","J96.11"
"1473","J96.12"
"1474","J96.20"
"1475","J96.21"
"1476","J96.22"
"1477","J96.90"
"1478","J96.91"
"1479","J96.92"
"1480","J98.01"
"1481","J98.09"
"1482","J98.11"
"1483","J98.2"
"1484","J98.4"
"1485","J98.59"
"1486","J98.8"
"1487","J98.9"
"1488","K00.3"
"1489","K04.7"
"1490","K11.0"
"1491","K11.7"
"1492","K12.30"
"1493","K12.31"
"1494","K12.39"
"1495","K20.0"
"1496","K20.8"
"1497","K20.9"
"1498","K21.0"
"1499","K21.9"
"1500","K22.0"
"1501","K22.11"
"1502","K22.2"
"1503","K22.4"
"1504","K22.5"
"1505","K22.70"
"1506","K22.8"
"1507","K22.9"
"1508","K25.4"
"1509","K25.9"
"1510","K26.4"
"1511","K26.9"
"1512","K29.00"
"1513","K29.30"
"1514","K29.40"
"1515","K29.50"
"1516","K29.60"
"1517","K29.70"
"1518","K29.80"
"1519","K29.90"
"1520","K29.91"
"1521","K30"
"1522","K31.2"
"1523","K31.7"
"1524","K31.819"
"1525","K31.84"
"1526","K31.89"
"1527","K35.80"
"1528","K37"
"1529","K40.90"
"1530","K40.91"
"1531","K43.2"
"1532","K43.9"
"1533","K44.9"
"1534","K50.80"
"1535","K50.90"
"1536","K51.014"
"1537","K51.20"
"1538","K51.90"
"1539","K51.911"
"1540","K51.912"
"1541","K51.919"
"1542","K52.0"
"1543","K52.1"
"1544","K52.82"
"1545","K52.832"
"1546","K52.9"
"1547","K55.059"
"1548","K55.1"
"1549","K55.20"
"1550","K55.9"
"1551","K56.0"
"1552","K56.1"
"1553","K56.41"
"1554","K56.50"
"1555","K56.609"
"1556","K57.10"
"1557","K57.30"
"1558","K57.31"
"1559","K57.80"
"1560","K57.90"
"1561","K57.92"
"1562","K58.0"
"1563","K58.1"
"1564","K58.8"
"1565","K58.9"
"1566","K59.00"
"1567","K59.09"
"1568","K59.39"
"1569","K59.8"
"1570","K60.2"
"1571","K61.0"
"1572","K62.5"
"1573","K62.6"
"1574","K62.89"
"1575","K63.3"
"1576","K63.5"
"1577","K63.89"
"1578","K63.9"
"1579","K64.0"
"1580","K64.8"
"1581","K64.9"
"1582","K66.0"
"1583","K66.1"
"1584","K68.12"
"1585","K70.10"
"1586","K70.30"
"1587","K70.31"
"1588","K70.40"
"1589","K70.9"
"1590","K71.10"
"1591","K71.9"
"1592","K72.00"
"1593","K72.90"
"1594","K72.91"
"1595","K74.3"
"1596","K74.5"
"1597","K74.60"
"1598","K75.1"
"1599","K75.4"
"1600","K75.81"
"1601","K75.89"
"1602","K76.0"
"1603","K76.1"
"1604","K76.6"
"1605","K76.89"
"1606","K76.9"
"1607","K80.00"
"1608","K80.20"
"1609","K80.50"
"1610","K81.0"
"1611","K81.9"
"1612","K82.4"
"1613","K82.8"
"1614","K83.09"
"1615","K83.1"
"1616","K85.10"
"1617","K85.90"
"1618","K86.2"
"1619","K86.89"
"1620","K90.0"
"1621","K92.0"
"1622","K92.1"
"1623","K92.2"
"1624","K92.9"
"1625","K94.22"
"1626","L02.413"
"1627","L02.91"
"1628","L03.112"
"1629","L03.113"
"1630","L03.115"
"1631","L03.116"
"1632","L03.311"
"1633","L08.9"
"1634","L20.89"
"1635","L20.9"
"1636","L22"
"1637","L27.0"
"1638","L27.1"
"1639","L29.9"
"1640","L30.8"
"1641","L30.9"
"1642","L40.0"
"1643","L40.50"
"1644","L40.59"
"1645","L40.8"
"1646","L40.9"
"1647","L43.9"
"1648","L50.3"
"1649","L50.8"
"1650","L50.9"
"1651","L51.9"
"1652","L53.0"
"1653","L53.9"
"1654","L57.0"
"1655","L64.9"
"1656","L65.9"
"1657","L71.9"
"1658","L73.9"
"1659","L76.02"
"1660","L76.32"
"1661","L80"
"1662","L82.1"
"1663","L89.013"
"1664","L89.102"
"1665","L89.150"
"1666","L89.151"
"1667","L89.152"
"1668","L89.153"
"1669","L89.154"
"1670","L89.159"
"1671","L89.219"
"1672","L89.311"
"1673","L89.312"
"1674","L89.319"
"1675","L89.322"
"1676","L89.329"
"1677","L89.42"
"1678","L89.511"
"1679","L89.519"
"1680","L89.520"
"1681","L89.609"
"1682","L89.610"
"1683","L89.611"
"1684","L89.612"
"1685","L89.613"
"1686","L89.614"
"1687","L89.619"
"1688","L89.620"
"1689","L89.621"
"1690","L89.622"
"1691","L89.624"
"1692","L89.629"
"1693","L89.819"
"1694","L89.893"
"1695","L89.899"
"1696","L89.91"
"1697","L93.0"
"1698","L94.0"
"1699","L97.119"
"1700","L97.318"
"1701","L97.329"
"1702","L97.411"
"1703","L97.421"
"1704","L97.529"
"1705","L97.809"
"1706","L98.8"
"1707","L98.9"
"1708","M00.872"
"1709","M05.20"
"1710","M05.50"
"1711","M05.9"
"1712","M06.00"
"1713","M06.89"
"1714","M06.9"
"1715","M08.00"
"1716","M10.071"
"1717","M10.9"
"1718","M11.20"
"1719","M11.262"
"1720","M12.30"
"1721","M13.0"
"1722","M14.671"
"1723","M14.89"
"1724","M15.9"
"1725","M16.0"
"1726","M16.10"
"1727","M16.11"
"1728","M17.0"
"1729","M17.10"
"1730","M17.11"
"1731","M17.12"
"1732","M17.2"
"1733","M17.9"
"1734","M19.019"
"1735","M19.032"
"1736","M19.90"
"1737","M1A.9XX0"
"1738","M20.10"
"1739","M20.11"
"1740","M20.12"
"1741","M21.41"
"1742","M21.42"
"1743","M21.962"
"1744","M23.300"
"1745","M23.8X1"
"1746","M24.60"
"1747","M25.472"
"1748","M25.50"
"1749","M25.511"
"1750","M25.512"
"1751","M25.519"
"1752","M25.532"
"1753","M25.561"
"1754","M25.78"
"1755","M25.80"
"1756","M25.811"
"1757","M30.1"
"1758","M31.30"
"1759","M31.6"
"1760","M31.8"
"1761","M32.19"
"1762","M33.20"
"1763","M34.89"
"1764","M34.9"
"1765","M35.00"
"1766","M35.09"
"1767","M35.1"
"1768","M35.2"
"1769","M35.3"
"1770","M35.8"
"1771","M40.204"
"1772","M40.294"
"1773","M41.84"
"1774","M41.85"
"1775","M41.86"
"1776","M41.9"
"1777","M43.10"
"1778","M43.16"
"1779","M45.9"
"1780","M46.09"
"1781","M46.40"
"1782","M46.90"
"1783","M47.26"
"1784","M47.812"
"1785","M47.814"
"1786","M47.816"
"1787","M47.817"
"1788","M47.819"
"1789","M47.891"
"1790","M47.892"
"1791","M47.896"
"1792","M47.897"
"1793","M47.899"
"1794","M47.9"
"1795","M48.00"
"1796","M48.02"
"1797","M48.06"
"1798","M48.061"
"1799","M48.07"
"1800","M48.48XA"
"1801","M48.50XA"
"1802","M48.50XD"
"1803","M48.54XA"
"1804","M48.55XA"
"1805","M48.56XA"
"1806","M50.20"
"1807","M50.21"
"1808","M50.221"
"1809","M50.222"
"1810","M50.223"
"1811","M50.80"
"1812","M50.922"
"1813","M50.923"
"1814","M51.14"
"1815","M51.24"
"1816","M51.26"
"1817","M51.27"
"1818","M51.36"
"1819","M51.86"
"1820","M51.87"
"1821","M51.9"
"1822","M53.3"
"1823","M54.16"
"1824","M54.17"
"1825","M54.18"
"1826","M54.2"
"1827","M54.30"
"1828","M54.40"
"1829","M54.42"
"1830","M54.5"
"1831","M54.6"
"1832","M54.89"
"1833","M54.9"
"1834","M62.40"
"1835","M62.48"
"1836","M62.50"
"1837","M62.561"
"1838","M62.562"
"1839","M62.81"
"1840","M62.82"
"1841","M62.838"
"1842","M62.84"
"1843","M65.841"
"1844","M70.60"
"1845","M71.21"
"1846","M72.0"
"1847","M72.2"
"1848","M75.01"
"1849","M75.100"
"1850","M75.101"
"1851","M75.102"
"1852","M75.31"
"1853","M75.32"
"1854","M75.81"
"1855","M76.60"
"1856","M79.10"
"1857","M79.18"
"1858","M79.2"
"1859","M79.7"
"1860","M79.81"
"1861","M79.89"
"1862","M80.00XA"
"1863","M80.052A"
"1864","M80.08XA"
"1865","M80.88XA"
"1866","M81.0"
"1867","M84.421A"
"1868","M84.550A"
"1869","M85.80"
"1870","M85.88"
"1871","M86.60"
"1872","M86.659"
"1873","M88.9"
"1874","M89.8X2"
"1875","M93.88"
"1876","M93.98"
"1877","M95.4"
"1878","N"
"1879","N10"
"1880","N11.9"
"1881","N12"
"1882","N13.1"
"1883","N13.30"
"1884","N13.39"
"1885","N13.5"
"1886","N13.9"
"1887","N17.0"
"1888","N17.8"
"1889","N17.9"
"1890","N18.1"
"1891","N18.2"
"1892","N18.3"
"1893","N18.4"
"1894","N18.5"
"1895","N18.6"
"1896","N18.9"
"1897","N19"
"1898","N20.0"
"1899","N20.1"
"1900","N21.1"
"1901","N23"
"1902","N25.81"
"1903","N25.89"
"1904","N25.9"
"1905","N26.1"
"1906","N28.1"
"1907","N28.89"
"1908","N30.00"
"1909","N30.01"
"1910","N30.40"
"1911","N30.41"
"1912","N31.8"
"1913","N31.9"
"1914","N32.3"
"1915","N32.81"
"1916","N32.89"
"1917","N35.919"
"1918","N36.0"
"1919","N39.0"
"1920","N40.0"
"1921","N40.1"
"1922","N41.0"
"1923","N41.1"
"1924","N41.9"
"1925","N80.0"
"1926","N80.1"
"1927","N81.10"
"1928","N83.201"
"1929","N83.202"
"1930","N92.0"
"1931","N92.1"
"1932","N99.520"
"1933","N99.521"
"1934","N99.524"
"1935","O09.523"
"1936","O24.410"
"1937","O28.1"
"1938","O36.0130"
"1939","O42.013"
"1940","O42.02"
"1941","O46.93"
"1942","O48.0"
"1943","O60.14X0"
"1944","O62.2"
"1945","O70.0"
"1946","O76"
"1947","O77.0"
"1948","O80"
"1949","O98.53"
"1950","O99.282"
"1951","O99.283"
"1952","O99.335"
"1953","O99.353"
"1954","O99.511"
"1955","O99.512"
"1956","O99.513"
"1957","O99.52"
"1958","O99.53"
"1959","O99.613"
"1960","O99.89"
"1961","O9A.113"
"1962","P39.1"
"1963","P39.8"
"1964","P39.9"
"1965","P78.3"
"1966","P81.9"
"1967","Q07.00"
"1968","Q07.9"
"1969","Q21.1"
"1970","Q27.30"
"1971","Q28.2"
"1972","Q28.3"
"1973","Q44.6"
"1974","Q54.1"
"1975","Q60.0"
"1976","Q60.1"
"1977","Q60.3"
"1978","Q61.3"
"1979","Q61.5"
"1980","Q63.1"
"1981","Q65.89"
"1982","Q79.1"
"1983","Q85.9"
"1984","Q87.40"
"1985","Q87.418"
"1986","Q87.81"
"1987","Q90.0"
"1988","Q90.9"
"1989","R00.0"
"1990","R00.1"
"1991","R00.2"
"1992","R01.0"
"1993","R03.0"
"1994","R03.1"
"1995","R04.0"
"1996","R04.2"
"1997","R04.89"
"1998","R05"
"1999","R06.00"
"2000","R06.02"
"2001","R06.03"
"2002","R06.09"
"2003","R06.82"
"2004","R06.89"
"2005","R07.0"
"2006","R07.1"
"2007","R07.81"
"2008","R07.89"
"2009","R07.9"
"2010","R09.02"
"2011","R09.1"
"2012","R09.89"
"2013","R10.13"
"2014","R10.817"
"2015","R10.84"
"2016","R10.9"
"2017","R11.0"
"2018","R11.10"
"2019","R11.14"
"2020","R11.2"
"2021","R12"
"2022","R13.0"
"2023","R13.10"
"2024","R13.12"
"2025","R13.19"
"2026","R14.0"
"2027","R14.1"
"2028","R15.9"
"2029","R16.1"
"2030","R16.2"
"2031","R18.0"
"2032","R18.8"
"2033","R19.5"
"2034","R19.7"
"2035","R20.1"
"2036","R20.2"
"2037","R20.3"
"2038","R21"
"2039","R25.1"
"2040","R25.2"
"2041","R26.0"
"2042","R26.2"
"2043","R26.81"
"2044","R26.89"
"2045","R26.9"
"2046","R27.0"
"2047","R27.8"
"2048","R29.2"
"2049","R29.6"
"2050","R29.702"
"2051","R29.705"
"2052","R29.717"
"2053","R29.719"
"2054","R29.810"
"2055","R29.818"
"2056","R30.0"
"2057","R31.0"
"2058","R31.29"
"2059","R31.9"
"2060","R32"
"2061","R33.8"
"2062","R33.9"
"2063","R34"
"2064","R39.15"
"2065","R39.198"
"2066","R39.2"
"2067","R39.81"
"2068","R40.0"
"2069","R40.20"
"2070","R40.2434"
"2071","R40.3"
"2072","R40.4"
"2073","R41.0"
"2074","R41.843"
"2075","R41.89"
"2076","R41.9"
"2077","R42"
"2078","R43.2"
"2079","R44.0"
"2080","R45.0"
"2081","R45.1"
"2082","R45.6"
"2083","R47.01"
"2084","R47.02"
"2085","R47.1"
"2086","R50.2"
"2087","R50.81"
"2088","R50.9"
"2089","R51"
"2090","R52"
"2091","R53.1"
"2092","R53.2"
"2093","R53.81"
"2094","R53.83"
"2095","R54"
"2096","R55"
"2097","R56.9"
"2098","R57.0"
"2099","R57.1"
"2100","R57.8"
"2101","R57.9"
"2102","R58"
"2103","R59.0"
"2104","R59.9"
"2105","R60.0"
"2106","R60.1"
"2107","R63.0"
"2108","R63.3"
"2109","R63.4"
"2110","R64"
"2111","R65.10"
"2112","R65.11"
"2113","R65.20"
"2114","R65.21"
"2115","R68.89"
"2116","R69"
"2117","R71.8"
"2118","R73.01"
"2119","R73.03"
"2120","R73.09"
"2121","R73.9"
"2122","R74.0"
"2123","R74.8"
"2124","R74.9"
"2125","R77.9"
"2126","R78.81"
"2127","R78.89"
"2128","R79.1"
"2129","R79.82"
"2130","R79.89"
"2131","R79.9"
"2132","R80.3"
"2133","R80.8"
"2134","R80.9"
"2135","R81"
"2136","R82.90"
"2137","R82.994"
"2138","R87.89"
"2139","R89.9"
"2140","R90.82"
"2141","R91.1"
"2142","R91.8"
"2143","R94.2"
"2144","R94.31"
"2145","R97.1"
"2146","R99"
"2147","S"
"2148","S00.03XA"
"2149","S00.12XA"
"2150","S00.81XA"
"2151","S00.83XA"
"2152","S01.00XA"
"2153","S01.101A"
"2154","S01.102A"
"2155","S01.20XA"
"2156","S01.80XA"
"2157","S01.81XA"
"2158","S02.2XXA"
"2159","S02.40FA"
"2160","S02.82XA"
"2161","S05.11XA"
"2162","S05.92XS"
"2163","S06.0X0A"
"2164","S06.0X9A"
"2165","S06.330A"
"2166","S06.369S"
"2167","S06.5X0A"
"2168","S06.5X0S"
"2169","S06.5X7A"
"2170","S06.9X0A"
"2171","S06.9X0S"
"2172","S06.9X1A"
"2173","S06.9X9A"
"2174","S06.9X9S"
"2175","S09.90XA"
"2176","S09.93XA"
"2177","S22.009S"
"2178","S22.059A"
"2179","S22.060A"
"2180","S22.079A"
"2181","S22.089A"
"2182","S22.31XA"
"2183","S22.32XA"
"2184","S22.32XD"
"2185","S22.42XA"
"2186","S27.0XXA"
"2187","S29.9XXA"
"2188","S30.0XXA"
"2189","S32.019S"
"2190","S32.039S"
"2191","S32.049S"
"2192","S32.502A"
"2193","S32.602A"
"2194","S37.20XA"
"2195","S37.39XA"
"2196","S39.82XA"
"2197","S39.92XA"
"2198","S40.021A"
"2199","S41.101D"
"2200","S41.112A"
"2201","S42.202A"
"2202","S46.011A"
"2203","S46.911A"
"2204","S51.802A"
"2205","S60.221A"
"2206","S61.203A"
"2207","S61.402A"
"2208","S62.614A"
"2209","S63.273A"
"2210","S72.009A"
"2211","S72.101A"
"2212","S72.141A"
"2213","S80.01XA"
"2214","S80.10XA"
"2215","S80.11XA"
"2216","S80.12XA"
"2217","S80.12XD"
"2218","S80.212A"
"2219","S81.801A"
"2220","S81.802A"
"2221","S81.802D"
"2222","S82.192A"
"2223","S82.891A"
"2224","S91.001A"
"2225","S92.512A"
"2226","S93.492A"
"2227","T14.8XXA"
"2228","T14.90XA"
"2229","T17.508A"
"2230","T17.510A"
"2231","T17.518A"
"2232","T17.590A"
"2233","T17.908A"
"2234","T17.918A"
"2235","T17.998A"
"2236","T36.0X5A"
"2237","T36.1X5A"
"2238","T36.3X5A"
"2239","T36.5X5A"
"2240","T36.8X5A"
"2241","T36.95XA"
"2242","T37.2X5A"
"2243","T37.5X5A"
"2244","T37.8X5A"
"2245","T37.95XA"
"2246","T38.0X5A"
"2247","T39.1X1A"
"2248","T39.395A"
"2249","T39.95XA"
"2250","T40.2X5A"
"2251","T40.3X5A"
"2252","T41.295A"
"2253","T41.5X5A"
"2254","T42.0X1A"
"2255","T42.2X5A"
"2256","T42.4X2A"
"2257","T43.215A"
"2258","T43.295A"
"2259","T43.502A"
"2260","T43.592A"
"2261","T43.595A"
"2262","T43.596A"
"2263","T44.5X5A"
"2264","T44.7X5A"
"2265","T45.1X5A"
"2266","T45.1X5D"
"2267","T45.4X5A"
"2268","T45.515A"
"2269","T45.516A"
"2270","T46.1X5A"
"2271","T46.2X5A"
"2272","T46.2X5S"
"2273","T46.2X6A"
"2274","T46.4X5A"
"2275","T46.5X5A"
"2276","T48.6X5A"
"2277","T49.0X5A"
"2278","T50.2X5A"
"2279","T50.3X5A"
"2280","T50.4X5A"
"2281","T50.905A"
"2282","T50.905S"
"2283","T50.991A"
"2284","T50.995A"
"2285","T56.891A"
"2286","T57.8X1S"
"2287","T65.3X1S"
"2288","T70.29XA"
"2289","T78.3XXA"
"2290","T78.40XA"
"2291","T80.1XXA"
"2292","T80.211A"
"2293","T80.212A"
"2294","T80.218A"
"2295","T80.219A"
"2296","T80.92XA"
"2297","T81.12XA"
"2298","T81.41XA"
"2299","T81.42XA"
"2300","T81.44XA"
"2301","T81.82XA"
"2302","T81.9XXS"
"2303","T82.598A"
"2304","T82.7XXA"
"2305","T82.838A"
"2306","T83.091A"
"2307","T83.198A"
"2308","T83.511A"
"2309","T83.83XA"
"2310","T84.53XA"
"2311","T84.63XA"
"2312","T85.510A"
"2313","T85.638A"
"2314","T85.698A"
"2315","T86.852"
"2316","T88.4XXA"
"2317","T88.7XXA"
"2318","V19.9XXS"
"2319","V29.88XA"
"2320","V80.010A"
"2321","W01.0XXA"
"2322","W06.XXXA"
"2323","W07.XXXA"
"2324","W18.09XA"
"2325","W18.30XA"
"2326","W19.XXXA"
"2327","W19.XXXD"
"2328","W22.03XA"
"2329","X50.3XXA"
"2330","X58.XXXA"
"2331","X58.XXXD"
"2332","X58.XXXS"
"2333","Y83.1"
"2334","Y83.3"
"2335","Y83.6"
"2336","Y83.8"
"2337","Y83.9"
"2338","Y84.2"
"2339","Y84.5"
"2340","Y84.6"
"2341","Y84.8"
"2342","Y84.9"
"2343","Y92.009"
"2344","Y92.013"
"2345","Y92.129"
"2346","Y92.22"
"2347","Y92.230"
"2348","Y92.231"
"2349","Y92.410"
"2350","Y93.52"
"2351","Y93.59"
"2352","Y95"
"2353","Z00.6"
"2354","Z03.818"
"2355","Z03.89"
"2356","Z05.8"
"2357","Z11.1"
"2358","Z16.11"
"2359","Z16.19"
"2360","Z16.20"
"2361","Z16.23"
"2362","Z16.24"
"2363","Z16.29"
"2364","Z20.818"
"2365","Z20.828"
"2366","Z21"
"2367","Z22.321"
"2368","Z22.322"
"2369","Z22.39"
"2370","Z22.8"
"2371","Z34.92"
"2372","Z34.93"
"2373","Z37.0"
"2374","Z3A.01"
"2375","Z3A.18"
"2376","Z3A.19"
"2377","Z3A.30"
"2378","Z3A.35"
"2379","Z3A.36"
"2380","Z3A.38"
"2381","Z3A.41"
"2382","Z51.11"
"2383","Z51.5"
"2384","Z52.4"
"2385","Z53.21"
"2386","Z53.9"
"2387","Z59.0"
"2388","Z59.3"
"2389","Z59.9"
"2390","Z60.2"
"2391","Z60.8"
"2392","Z66"
"2393","Z67.10"
"2394","Z67.20"
"2395","Z67.40"
"2396","Z67.41"
"2397","Z68.26"
"2398","Z68.31"
"2399","Z68.35"
"2400","Z68.42"
"2401","Z68.43"
"2402","Z74.01"
"2403","Z74.09"
"2404","Z74.1"
"2405","Z74.3"
"2406","Z77.22"
"2407","Z79.01"
"2408","Z79.02"
"2409","Z79.1"
"2410","Z79.2"
"2411","Z79.3"
"2412","Z79.4"
"2413","Z79.51"
"2414","Z79.52"
"2415","Z79.810"
"2416","Z79.811"
"2417","Z79.818"
"2418","Z79.82"
"2419","Z79.83"
"2420","Z79.84"
"2421","Z79.891"
"2422","Z79.899"
"2423","Z80.0"
"2424","Z80.1"
"2425","Z80.2"
"2426","Z80.3"
"2427","Z80.41"
"2428","Z80.42"
"2429","Z80.49"
"2430","Z80.51"
"2431","Z80.52"
"2432","Z80.6"
"2433","Z80.7"
"2434","Z80.8"
"2435","Z80.9"
"2436","Z81.8"
"2437","Z82.0"
"2438","Z82.49"
"2439","Z82.5"
"2440","Z82.69"
"2441","Z83.2"
"2442","Z83.3"
"2443","Z83.438"
"2444","Z83.511"
"2445","Z83.79"
"2446","Z84.1"
"2447","Z85.00"
"2448","Z85.01"
"2449","Z85.028"
"2450","Z85.038"
"2451","Z85.048"
"2452","Z85.118"
"2453","Z85.21"
"2454","Z85.29"
"2455","Z85.3"
"2456","Z85.41"
"2457","Z85.42"
"2458","Z85.43"
"2459","Z85.46"
"2460","Z85.47"
"2461","Z85.51"
"2462","Z85.528"
"2463","Z85.59"
"2464","Z85.71"
"2465","Z85.72"
"2466","Z85.810"
"2467","Z85.818"
"2468","Z85.820"
"2469","Z85.828"
"2470","Z85.830"
"2471","Z85.831"
"2472","Z85.840"
"2473","Z85.850"
"2474","Z85.858"
"2475","Z85.89"
"2476","Z86.000"
"2477","Z86.008"
"2478","Z86.010"
"2479","Z86.011"
"2480","Z86.018"
"2481","Z86.03"
"2482","Z86.11"
"2483","Z86.12"
"2484","Z86.13"
"2485","Z86.19"
"2486","Z86.2"
"2487","Z86.32"
"2488","Z86.39"
"2489","Z86.61"
"2490","Z86.69"
"2491","Z86.711"
"2492","Z86.718"
"2493","Z86.72"
"2494","Z86.73"
"2495","Z86.79"
"2496","Z87.01"
"2497","Z87.09"
"2498","Z87.11"
"2499","Z87.19"
"2500","Z87.2"
"2501","Z87.310"
"2502","Z87.39"
"2503","Z87.440"
"2504","Z87.441"
"2505","Z87.442"
"2506","Z87.448"
"2507","Z87.74"
"2508","Z87.81"
"2509","Z87.820"
"2510","Z87.828"
"2511","Z87.891"
"2512","Z87.892"
"2513","Z87.898"
"2514","Z88.0"
"2515","Z88.1"
"2516","Z88.2"
"2517","Z88.4"
"2518","Z88.5"
"2519","Z88.6"
"2520","Z88.8"
"2521","Z89.021"
"2522","Z89.202"
"2523","Z89.411"
"2524","Z89.511"
"2525","Z89.512"
"2526","Z89.611"
"2527","Z90.10"
"2528","Z90.11"
"2529","Z90.12"
"2530","Z90.13"
"2531","Z90.2"
"2532","Z90.3"
"2533","Z90.411"
"2534","Z90.49"
"2535","Z90.5"
"2536","Z90.6"
"2537","Z90.710"
"2538","Z90.721"
"2539","Z90.722"
"2540","Z90.79"
"2541","Z90.81"
"2542","Z91.010"
"2543","Z91.011"
"2544","Z91.018"
"2545","Z91.038"
"2546","Z91.040"
"2547","Z91.041"
"2548","Z91.048"
"2549","Z91.09"
"2550","Z91.5"
"2551","Z91.81"
"2552","Z91.89"
"2553","Z92.21"
"2554","Z92.23"
"2555","Z92.25"
"2556","Z92.3"
"2557","Z93.0"
"2558","Z93.1"
"2559","Z93.2"
"2560","Z93.3"
"2561","Z93.50"
"2562","Z93.59"
"2563","Z93.6"
"2564","Z94.0"
"2565","Z94.4"
"2566","Z94.7"
"2567","Z94.84"
"2568","Z95.0"
"2569","Z95.1"
"2570","Z95.2"
"2571","Z95.3"
"2572","Z95.4"
"2573","Z95.5"
"2574","Z95.818"
"2575","Z95.820"
"2576","Z95.828"
"2577","Z96.0"
"2578","Z96.1"
"2579","Z96.21"
"2580","Z96.611"
"2581","Z96.612"
"2582","Z96.641"
"2583","Z96.642"
"2584","Z96.643"
"2585","Z96.649"
"2586","Z96.651"
"2587","Z96.652"
"2588","Z96.653"
"2589","Z96.659"
"2590","Z96.7"
"2591","Z97.4"
"2592","Z97.5"
"2593","Z97.8"
"2594","Z98.0"
"2595","Z98.1"
"2596","Z98.2"
"2597","Z98.41"
"2598","Z98.42"
"2599","Z98.49"
"2600","Z98.51"
"2601","Z98.52"
"2602","Z98.82"
"2603","Z98.84"
"2604","Z98.890"
"2605","Z98.891"
"2606","Z99.2"
"2607","Z99.3"
"2608","Z99.81"
"2609","Z99.89"
"2610",NA
